Asn,peptideMass,n.sequence,table2Sequence,count,min.rt,max.rt,glycan.L,glycan.S
8,1091.455338,nQSCPSAESL,NQSCPSAESL,8,36,37.5,1008,1170
28,1181.65167,AnNSGIAPGLIR,ANNSGIAPGLIR,16,41,44,0,1170
60,2402.14623,LDSTAnNTAEKDAAPNNPSLRGF,LDSTANNTAEKDAAPNNPSLRGF,89,41.5,44.5,0,1170
114,1392.699742,AARDSAALAGnITY,AARDSAALAGNITY,192,41.5,43.5,1008,2192
127,1854.954788,QVPSGRRDGnVSLASEAL,QVPSGRRDGNVSLASEAL,39,40,43,203,2192
144,1386.71433,TNIPAPTFnATQL,TNIPAPTFNATQL,6,50.5,52,1170,1170
156,1361.686066,AGKnLTADEMVTL,AGKNLTADEMVTL,6,45,48,1024,1170
185,1745.774423,nFSnTSQVDPTLSSSY,NFSNTSQVDPTLSSSY,6,44,48,203,2340
211,1352.661917,RTKCPSnSTRF,RTKCPSNSTRF,92,27.5,29,0,2046
256,1260.619761,TSDQALVTEAnL,TSDQALVTEANL,4,46,50,0,1170
267,1473.721206,SAAVKNNADnLTAW,SAAVKNNADNLTAW,6,43.5,47.5,0,1170
298,1879.869403,TGTQGEIRTnCSVVNSAS,TGTQGEIRTNCSVVNSAS,64,35.4,37,1008,1738
